dataset,group_column,group,n_samples,exact_match_accuracy,macro_precision,macro_recall,macro_f1,micro_precision,micro_recall,micro_f1,samples_f1,hamming_loss,no_event_accuracy
ood_params,scenario_group,anomaly_anomaly,45,0.2222222222222222,0.4,0.2311111111111111,0.26926910299003326,0.7222222222222222,0.5777777777777777,0.6419753086419753,0.6333333333333333,0.2577777777777778,
ood_params,scenario_group,no_event,45,0.13333333333333333,0.0,0.0,0.0,0.0,0.0,0.0,0.0,0.2222222222222222,0.13333333333333333
ood_params,scenario_group,shift_anomaly,270,0.23703703703703705,0.7199054016043924,0.5437037037037037,0.6139461722147626,0.7623762376237624,0.5703703703703704,0.652542372881356,0.6238271604938271,0.24296296296296296,
ood_params,scenario_group,shift_shift,135,0.17777777777777778,0.5160526315789473,0.2888888888888889,0.36145331325301205,0.7065217391304348,0.48148148148148145,0.5726872246696035,0.542469135802469,0.2874074074074074,
ood_params,scenario_group,single_event,225,0.4088888888888889,0.5829840401276789,0.6533333333333333,0.6150216782025673,0.5833333333333334,0.6533333333333333,0.6163522012578616,0.5703703703703703,0.16266666666666665,
