dataset,group_column,group,n_samples,exact_match_accuracy,macro_precision,macro_recall,macro_f1,micro_precision,micro_recall,micro_f1,samples_f1,hamming_loss,no_event_accuracy
validation,scenario_group,anomaly_anomaly,45,0.4222222222222222,0.4,0.2577777777777778,0.3134246575342466,0.8055555555555556,0.6444444444444445,0.7160493827160493,0.6748148148148148,0.20444444444444446,
validation,scenario_group,no_event,45,0.26666666666666666,0.0,0.0,0.0,0.0,0.0,0.0,0.0,0.17333333333333334,0.26666666666666666
validation,scenario_group,shift_anomaly,270,0.3851851851851852,0.8524141720348617,0.6688888888888889,0.7452416503527354,0.861904761904762,0.6703703703703704,0.7541666666666667,0.7329629629629629,0.1748148148148148,
validation,scenario_group,shift_shift,135,0.25925925925925924,0.5356618649115192,0.35333333333333333,0.4221747775982794,0.775609756097561,0.5888888888888889,0.6694736842105263,0.6501234567901234,0.2325925925925926,
validation,scenario_group,single_event,225,0.5422222222222223,0.674345521958584,0.8399999999999999,0.7441393734584656,0.65625,0.84,0.7368421052631579,0.7392592592592592,0.12,
