dataset,group_column,group,n_samples,exact_match_accuracy,macro_precision,macro_recall,macro_f1,micro_precision,micro_recall,micro_f1,samples_f1,hamming_loss,no_event_accuracy
validation,background,linear,222,0.32882882882882886,0.7495101258894362,0.6723770472503706,0.7004846870773451,0.7444794952681388,0.644808743169399,0.6910688140556369,0.662912912912913,0.1900900900900901,0.2222222222222222
validation,background,linear+single_seasonality,144,0.3472222222222222,0.7152721547458389,0.6209502825898594,0.6632974111234982,0.7142857142857143,0.6222222222222222,0.665083135391924,0.6328703703703703,0.19583333333333333,0.5
validation,background,none,109,0.5504587155963303,0.6731381306865178,0.6480546480546481,0.6473684210526316,0.8089171974522293,0.7987421383647799,0.8037974683544303,0.7363914373088685,0.11376146788990826,0.4444444444444444
validation,background,quadratic_trend,101,0.4752475247524752,0.6651794035414725,0.6026610644257703,0.6285767529461601,0.7549668874172185,0.7450980392156863,0.75,0.681848184818482,0.1504950495049505,0.0
validation,background,single_seasonality,93,0.4838709677419355,0.6436226816661599,0.6051074010506059,0.6167515682149829,0.7388059701492538,0.7557251908396947,0.7471698113207547,0.6767025089605735,0.14408602150537633,0.25
validation,background,single_seasonality+linear,51,0.3137254901960784,0.6544444444444444,0.5388413547237076,0.5755784865540963,0.7536231884057971,0.5714285714285714,0.65,0.6274509803921569,0.2196078431372549,
