dataset,group_column,group,n_samples,exact_match_accuracy,macro_precision,macro_recall,macro_f1,micro_precision,micro_recall,micro_f1,samples_f1,hamming_loss,no_event_accuracy
ood_params,background,linear,223,0.27802690582959644,0.6748322641160258,0.6172995873912263,0.6305976791937218,0.6721311475409836,0.5662983425414365,0.6146926536731634,0.5624813153961136,0.2304932735426009,0.2222222222222222
ood_params,background,linear+single_seasonality,137,0.21897810218978103,0.656965811965812,0.4992540627747414,0.5558452380952381,0.6727272727272727,0.4955357142857143,0.570694087403599,0.5119221411192214,0.24379562043795622,0.1111111111111111
ood_params,background,none,104,0.375,0.5916635777300023,0.5320449172576833,0.5528523104717928,0.7379310344827587,0.6858974358974359,0.7109634551495017,0.6333333333333334,0.1673076923076923,0.25
ood_params,background,quadratic_trend,99,0.24242424242424243,0.5480605605605605,0.4775798237261652,0.4999036968613038,0.5683453237410072,0.6076923076923076,0.587360594795539,0.5420875420875422,0.22424242424242424,0.0
ood_params,background,single_seasonality,98,0.30612244897959184,0.5982400379506642,0.47647044798893734,0.5082564076086088,0.6640625,0.5821917808219178,0.6204379562043796,0.5520408163265306,0.21224489795918366,0.1
ood_params,background,single_seasonality+linear,59,0.1864406779661017,0.6079653679653679,0.5141337099811676,0.5294395678118211,0.625,0.4672897196261682,0.5347593582887701,0.4966101694915254,0.29491525423728815,
