dataset,group_column,group,n_samples,exact_match_accuracy,macro_precision,macro_recall,macro_f1,micro_precision,micro_recall,micro_f1,samples_f1,hamming_loss,no_event_accuracy
validation,length,400,240,0.3333333333333333,0.7223523768147424,0.648,0.6737395522657588,0.7084548104956269,0.648,0.6768802228412256,0.6380555555555555,0.19333333333333333,0.13333333333333333
validation,length,800,240,0.42083333333333334,0.7602106625173823,0.7040000000000001,0.726941215371969,0.7521367521367521,0.704,0.7272727272727273,0.67125,0.165,0.4666666666666667
validation,length,1200,240,0.4625,0.7926592021982717,0.6960000000000001,0.7397202076200149,0.7909090909090909,0.696,0.7404255319148936,0.7005555555555555,0.1525,0.2
