dataset,group_column,group,n_samples,exact_match_accuracy,macro_precision,macro_recall,macro_f1,micro_precision,micro_recall,micro_f1,samples_f1,hamming_loss,no_event_accuracy
ood_background,background,cubic_trend,112,0.26785714285714285,0.6612012479390529,0.4950378510378511,0.5628897317421908,0.650887573964497,0.625,0.6376811594202898,0.5851190476190476,0.22321428571428573,0.2857142857142857
ood_background,background,linear+multiple_seasonality,161,0.14285714285714285,0.5631948051948051,0.4823161070520577,0.5032086238804758,0.5377777777777778,0.4689922480620155,0.5010351966873706,0.45258799171842645,0.2993788819875776,0.15384615384615385
ood_background,background,multiple_seasonality,115,0.3826086956521739,0.610280177187154,0.5450927281667817,0.5608624944814256,0.6871165644171779,0.6706586826347305,0.6787878787878788,0.6310144927536233,0.18434782608695652,0.2
ood_background,background,multiple_seasonality+linear,89,0.24719101123595505,0.6040990990990991,0.5496174836399554,0.5505736961451247,0.6382978723404256,0.5769230769230769,0.6060606060606061,0.5895131086142322,0.26292134831460673,
ood_background,background,quadratic_trend+single_seasonality,113,0.2743362831858407,0.5940947940947942,0.43882267103214023,0.4953772286203539,0.6066666666666667,0.5449101796407185,0.5741324921135647,0.5156342182890855,0.23893805309734514,0.125
ood_background,background,volatility_background,65,0.07692307692307693,0.4954545454545455,0.38770114942528733,0.4141304347826087,0.4375,0.6436781609195402,0.5209302325581395,0.47282051282051285,0.3169230769230769,0.0
ood_background,background,volatility_background+linear,65,0.16923076923076924,0.5598484848484848,0.4423504273504273,0.44674075508794503,0.5217391304347826,0.5263157894736842,0.5240174672489083,0.5092307692307692,0.3353846153846154,
