dataset,group_column,group,n_samples,exact_match_accuracy,macro_precision,macro_recall,macro_f1,micro_precision,micro_recall,micro_f1,samples_f1,hamming_loss,no_event_accuracy
ood_background,scenario_group,anomaly_anomaly,45,0.24444444444444444,0.4,0.24,0.3,0.8059701492537313,0.6,0.6878980891719745,0.6733333333333333,0.21777777777777776,
ood_background,scenario_group,no_event,45,0.15555555555555556,0.0,0.0,0.0,0.0,0.0,0.0,0.0,0.25333333333333335,0.15555555555555556
ood_background,scenario_group,shift_anomaly,270,0.1925925925925926,0.6968576976597827,0.5659259259259259,0.617953587700591,0.7056179775280899,0.5814814814814815,0.6375634517766497,0.6195061728395062,0.2644444444444444,
ood_background,scenario_group,shift_shift,135,0.16296296296296298,0.4667905056759546,0.29333333333333333,0.35807227532363156,0.6439024390243903,0.4888888888888889,0.5557894736842105,0.5293827160493827,0.3125925925925926,
ood_background,scenario_group,single_event,225,0.3288888888888889,0.4655438126309576,0.6222222222222222,0.526851269998029,0.4416403785488959,0.6222222222222222,0.5166051660516605,0.5177777777777778,0.2328888888888889,
