dataset,setting_default,point_anomaly_threshold_default,collective_anomaly_threshold_default,tp_default,fp_default,fn_default,tn_default,start_precision_default,start_recall_default,start_f1_default,start_specificity_default,start_balanced_accuracy_default,mean_abs_start_error_default,setting_tuned,point_anomaly_threshold_tuned,collective_anomaly_threshold_tuned,tp_tuned,fp_tuned,fn_tuned,tn_tuned,start_precision_tuned,start_recall_tuned,start_f1_tuned,start_specificity_tuned,start_balanced_accuracy_tuned,mean_abs_start_error_tuned,point_anomaly_threshold_change,collective_anomaly_threshold_change,tp_change,fp_change,fn_change,tn_change,start_precision_change,start_recall_change,start_f1_change,start_specificity_change,start_balanced_accuracy_change,mean_abs_start_error_change
ood_background,default_0.5,0.5,0.5,413,1228,764,2043,0.25167580743295753,0.35089209855266873,0.29311568001637306,0.6245796392521413,0.48773586890240506,5.738498789346247,tuned,0.9300000000000002,0.9500000000000002,378,789,799,2207,0.32390745501007795,0.32115548003125616,0.3225255922669637,0.7366488651510793,0.5289021725911678,6.166666666666667,0.43000000000000016,0.4500000000000002,-35,-439,35,164,0.07223164757712042,-0.029736618521412572,0.029409912250590642,0.11206922589893797,0.04116630368876273,0.42816787732042005
ood_params,default_0.5,0.5,0.5,453,683,757,2273,0.39876760563029257,0.3743801652861622,0.3861892533137031,0.7689445196185083,0.5716623424523353,6.693156732891833,tuned,0.9300000000000002,0.9500000000000002,427,426,783,2435,0.5005861664654093,0.35289256198055463,0.4139602472058232,0.8511010136286226,0.6019967878045887,6.889929742388759,0.43000000000000016,0.4500000000000002,-26,-257,26,162,0.10181856083511676,-0.02148760330560756,0.02777099389212012,0.08215649401011427,0.03033444535225338,0.19677300949692622
validation,default_0.5,0.5,0.5,626,924,559,2233,0.4038709677393299,0.5282700421896349,0.4577696477365267,0.7073170731684912,0.6177935576790631,6.781150159744409,tuned,0.9300000000000002,0.9500000000000002,598,477,587,2417,0.5562790697622673,0.504641350206712,0.5292035348301709,0.8351762266729953,0.6699087884398536,6.8879598662207355,0.43000000000000016,0.4500000000000002,-28,-447,28,184,0.15240810202293736,-0.023628691982922945,0.07143388709364423,0.12785915350450405,0.0521152307607905,0.10680970647632648
