dataset,exact_match_accuracy,macro_precision,macro_recall,macro_f1,micro_precision,micro_recall,micro_f1,samples_f1,hamming_loss,no_event_accuracy
Validation Set: In-Distribution,0.4270833333333333,0.8406188460153643,0.6633333333333333,0.7396755915222556,0.8354324097397146,0.6633333333333333,0.73950204384987,0.67,0.14604166666666665,0.48333333333333334
OOD Test A: Shifted Event Parameters,0.2760416666666667,0.7593623589884609,0.5,0.5884802308858567,0.7684426229508197,0.5,0.6058158319870759,0.5251041666666667,0.20333333333333334,0.6
OOD Test B: Harder Backgrounds,0.209375,0.6176383384719706,0.506,0.5497551466099042,0.6226415094339622,0.506,0.5582934902537697,0.5009375,0.2502083333333333,0.18333333333333332
