dataset,setting,point_anomaly_threshold,collective_anomaly_threshold,tp,fp,fn,tn,start_precision,start_recall,start_f1,start_specificity,start_balanced_accuracy,mean_abs_start_error
ood_background,tuned,0.9300000000000002,0.9500000000000002,378,789,799,2207,0.32390745501007795,0.32115548003125616,0.3225255922669637,0.7366488651510793,0.5289021725911678,6.166666666666667
ood_params,tuned,0.9300000000000002,0.9500000000000002,427,426,783,2435,0.5005861664654093,0.35289256198055463,0.4139602472058232,0.8511010136286226,0.6019967878045887,6.889929742388759
validation,tuned,0.9300000000000002,0.9500000000000002,598,477,587,2417,0.5562790697622673,0.504641350206712,0.5292035348301709,0.8351762266729953,0.6699087884398536,6.8879598662207355
