,precision,recall,f1-score,support
mean_shift,0.6278026905829597,0.4666666666666667,0.5353728489483748,300.0
variance_shift,0.8,0.4266666666666667,0.5565217391304348,300.0
trend_shift,0.5186170212765957,0.65,0.5769230769230769,300.0
point_anomaly,0.5555555555555556,0.38333333333333336,0.4536489151873767,300.0
collective_anomaly,0.9656357388316151,0.9366666666666666,0.9509306260575296,300.0
micro avg,0.6833731105807478,0.5726666666666667,0.6231410953935437,1500.0
macro avg,0.6935222012493453,0.5726666666666667,0.6146794412493586,1500.0
weighted avg,0.6935222012493453,0.5726666666666667,0.6146794412493585,1500.0
samples avg,0.6369791666666667,0.5489583333333333,0.5616666666666668,1500.0
