,precision,recall,f1-score,support
mean_shift,0.49145299145299143,0.38333333333333336,0.4307116104868914,300.0
variance_shift,0.48638132295719844,0.4166666666666667,0.4488330341113106,300.0
trend_shift,0.42543859649122806,0.6466666666666666,0.5132275132275133,300.0
point_anomaly,0.6962025316455697,0.7333333333333333,0.7142857142857143,300.0
collective_anomaly,0.7799227799227799,0.6733333333333333,0.7227191413237924,300.0
micro avg,0.5624178712220762,0.5706666666666667,0.5665122435473197,1500.0
macro avg,0.5758796444939535,0.5706666666666667,0.5659554026870444,1500.0
weighted avg,0.5758796444939536,0.5706666666666667,0.5659554026870444,1500.0
samples avg,0.5579861111111112,0.5442708333333334,0.5213888888888889,1500.0
