dataset,exact_match_accuracy_default,macro_precision_default,macro_recall_default,macro_f1_default,micro_precision_default,micro_recall_default,micro_f1_default,samples_f1_default,hamming_loss_default,no_event_accuracy_default,exact_match_accuracy_tuned,macro_precision_tuned,macro_recall_tuned,macro_f1_tuned,micro_precision_tuned,micro_recall_tuned,micro_f1_tuned,samples_f1_tuned,hamming_loss_tuned,no_event_accuracy_tuned,exact_match_accuracy_change,macro_precision_change,macro_recall_change,macro_f1_change,micro_precision_change,micro_recall_change,micro_f1_change,samples_f1_change,hamming_loss_change,no_event_accuracy_change
Validation Set: In-Distribution,0.4270833333333333,0.8406188460153643,0.6633333333333333,0.7396755915222556,0.8354324097397146,0.6633333333333333,0.73950204384987,0.67,0.14604166666666665,0.48333333333333334,0.43020833333333336,0.7897641513674983,0.7266666666666668,0.7528272156977647,0.7714083510261854,0.7266666666666667,0.7483693786474425,0.6942013888888888,0.15270833333333333,0.3,0.0031250000000000444,-0.05085469464786596,0.06333333333333346,0.01315162417550908,-0.06402405871352912,0.06333333333333335,0.008867334797572513,0.024201388888888786,0.006666666666666682,-0.18333333333333335
OOD Test A: Shifted Event Parameters,0.2760416666666667,0.7593623589884609,0.5,0.5884802308858567,0.7684426229508197,0.5,0.6058158319870759,0.5251041666666667,0.20333333333333334,0.6,0.275,0.6935222012493453,0.5726666666666667,0.6146794412493586,0.6833731105807478,0.5726666666666667,0.6231410953935437,0.5616666666666668,0.21645833333333334,0.38333333333333336,-0.001041666666666663,-0.06584015773911567,0.07266666666666666,0.026199210363501924,-0.08506951237007188,0.07266666666666666,0.017325263406467784,0.03656250000000005,0.013124999999999998,-0.21666666666666662
OOD Test B: Harder Backgrounds,0.209375,0.6176383384719706,0.506,0.5497551466099042,0.6226415094339622,0.506,0.5582934902537697,0.5009375,0.2502083333333333,0.18333333333333332,0.18125,0.5758796444939535,0.5706666666666667,0.5659554026870444,0.5624178712220762,0.5706666666666667,0.5665122435473197,0.5213888888888889,0.27291666666666664,0.06666666666666667,-0.02812500000000001,-0.041758693978017125,0.06466666666666665,0.01620025607714015,-0.06022363821188603,0.06466666666666665,0.00821875329354993,0.020451388888888866,0.02270833333333333,-0.11666666666666665
