dataset,exact_match_accuracy,macro_precision,macro_recall,macro_f1,micro_precision,micro_recall,micro_f1,samples_f1,hamming_loss,no_event_accuracy,setting
Validation Set: In-Distribution,0.4270833333333333,0.8406188460153643,0.6633333333333333,0.7396755915222556,0.8354324097397146,0.6633333333333333,0.73950204384987,0.67,0.14604166666666665,0.48333333333333334,default_0.5
OOD Test A: Shifted Event Parameters,0.2760416666666667,0.7593623589884609,0.5,0.5884802308858567,0.7684426229508197,0.5,0.6058158319870759,0.5251041666666667,0.20333333333333334,0.6,default_0.5
OOD Test B: Harder Backgrounds,0.209375,0.6176383384719706,0.506,0.5497551466099042,0.6226415094339622,0.506,0.5582934902537697,0.5009375,0.2502083333333333,0.18333333333333332,default_0.5
Validation Set: In-Distribution,0.43020833333333336,0.7897641513674983,0.7266666666666668,0.7528272156977647,0.7714083510261854,0.7266666666666667,0.7483693786474425,0.6942013888888888,0.15270833333333333,0.3,tuned
OOD Test A: Shifted Event Parameters,0.275,0.6935222012493453,0.5726666666666667,0.6146794412493586,0.6833731105807478,0.5726666666666667,0.6231410953935437,0.5616666666666668,0.21645833333333334,0.38333333333333336,tuned
OOD Test B: Harder Backgrounds,0.18125,0.5758796444939535,0.5706666666666667,0.5659554026870444,0.5624178712220762,0.5706666666666667,0.5665122435473197,0.5213888888888889,0.27291666666666664,0.06666666666666667,tuned
