dataset,exact_match_accuracy_default,macro_precision_default,macro_recall_default,macro_f1_default,micro_precision_default,micro_recall_default,micro_f1_default,samples_f1_default,hamming_loss_default,no_event_accuracy_default,exact_match_accuracy_tuned,macro_precision_tuned,macro_recall_tuned,macro_f1_tuned,micro_precision_tuned,micro_recall_tuned,micro_f1_tuned,samples_f1_tuned,hamming_loss_tuned,no_event_accuracy_tuned,exact_match_accuracy_change,macro_precision_change,macro_recall_change,macro_f1_change,micro_precision_change,micro_recall_change,micro_f1_change,samples_f1_change,hamming_loss_change,no_event_accuracy_change
Validation Set: In-Distribution,0.40555555555555556,0.7575684245371215,0.6826666666666668,0.7139673984733896,0.75,0.6826666666666666,0.714751046998604,0.6699537037037037,0.17027777777777778,0.26666666666666666,0.4111111111111111,0.750646867293926,0.7128888888888889,0.7286808071522204,0.7432808155699722,0.7128888888888889,0.7277676950998185,0.6814814814814815,0.16666666666666666,0.24444444444444444,0.005555555555555536,-0.006921557243195431,0.03022222222222215,0.014713408678830753,-0.006719184430027836,0.03022222222222226,0.0130166481012145,0.011527777777777803,-0.0036111111111111205,-0.022222222222222227
OOD Test A: Shifted Event Parameters,0.2722222222222222,0.6493344731584456,0.5662222222222223,0.6018859163940239,0.6621621621621622,0.5662222222222222,0.6104456157163393,0.5534722222222223,0.22583333333333333,0.13333333333333333,0.2777777777777778,0.6385467407084235,0.5964444444444444,0.6120931471493504,0.6470588235294118,0.5964444444444444,0.6207215541165587,0.5705555555555556,0.22777777777777777,0.2,0.005555555555555591,-0.01078773245002207,0.03022222222222215,0.01020723075532648,-0.015103338632750374,0.03022222222222226,0.010275938400219453,0.01708333333333334,0.001944444444444443,0.06666666666666668
OOD Test B: Harder Backgrounds,0.23055555555555557,0.5988763340795595,0.5688888888888889,0.5794822865569482,0.5866177818515124,0.5688888888888889,0.5776173285198556,0.535462962962963,0.26,0.15555555555555556,0.225,0.5779203428823163,0.6026666666666667,0.5816882770595483,0.5645295587010825,0.6026666666666667,0.5829750644883921,0.5507407407407408,0.26944444444444443,0.1111111111111111,-0.005555555555555564,-0.02095599119724323,0.033777777777777795,0.0022059905026000637,-0.02208822315042991,0.033777777777777795,0.005357735968536503,0.015277777777777724,0.009444444444444422,-0.04444444444444445
